{
  "configuration_title": "Salesforce Apex Configuration",
  "test_view_container_title": "テストビューア",
  "test_view_name": "Apex テスト",
  "run_tests_title": "テストを実行",
  "refresh_test_title": "テストを更新",
  "run_single_test_title": "1 つのテストを実行",
  "show_error_title": "エラーを表示",
  "go_to_definition_title": "定義に移動",
  "java_home_description": "Apex 言語サーバの起動に使用される Java 8 または Java 11 ランタイムのフォルダパスを指定します。(例: /Library/Java/JavaVirtualMachines/jdk1.8.0_131.jdk/Contents/Home)",
  "java_memory_description": "Apex 言語サーバへのメモリ割り当て量を MB 単位で指定します。空の場合はシステムのデフォルト値を使用します。",
  "apex_semantic_errors_description": "Apex 言語サーバがセマンティックエラーを表示することを許可します。",
  "force_anon_apex_execute_document_text": "SFDX: エディタのコンテンツを使用して匿名 Apex を実行",
  "force_anon_apex_execute_selection_text": "SFDX: 現在選択されているテキストを使用して匿名 Apex を実行",
  "force_apex_log_get_text": "SFDX: Apex デバッグログを取得",
  "force_apex_test_last_class_run_text": "SFDX: 最後に呼び出されたテストクラスを再実行",
  "force_apex_test_last_method_run_text": "SFDX: 最後に呼び出されたテストメソッドを再実行",
  "force_apex_test_class_run_text": "SFDX: テストクラスを実行",
  "force_apex_test_method_run_text": "SFDX: テストメソッドを実行",
  "force_apex_test_run_text": "SFDX: Apex テストを実行",
  "force_apex_test_suite_run_text": "SFDX: Apex テストスイートを実行",
  "force_apex_test_suite_create_text": "SFDX: Apex テストスイートを作成",
  "force_apex_test_suite_build_text": "SFDX: テストを Apex テストスイートに追加"
}
