{
  "configuration_title": "Salesforce Apex Configuration",
  "test_view_container_title": "Test Viewer",
  "test_view_name": "Apex Tests",
  "run_tests_title": "Run Tests",
  "refresh_test_title": "Refresh Tests",
  "run_single_test_title": "Run Single Test",
  "show_error_title": "Display Error",
  "go_to_definition_title": "Go to Definition",
  "java_home_description": "Specifies the folder path to the Java 8, Java 11, or Java 17 runtime used to launch the Apex Language Server (for example, /Library/Java/JavaVirtualMachines/jdk1.8.0_131.jdk/Contents/Home).",
  "java_memory_description": "Specifies the amount of memory allocation to the Apex Language Server in MB, or null to use the system default value.",
  "apex_semantic_errors_description": "Allow Apex Language Server to surface semantic errors",
  "force_anon_apex_execute_document_text": "SFDX: Execute Anonymous Apex with Editor Contents",
  "force_anon_apex_execute_selection_text": "SFDX: Execute Anonymous Apex with Currently Selected Text",
  "force_apex_log_get_text": "SFDX: Get Apex Debug Logs",
  "force_apex_test_last_class_run_text": "SFDX: Re-Run Last Run Apex Test Class",
  "force_apex_test_last_method_run_text": "SFDX: Re-Run Last Run Apex Test Method",
  "force_apex_test_class_run_text": "SFDX: Run Apex Test Class",
  "force_apex_test_method_run_text": "SFDX: Run Apex Test Method",
  "force_apex_test_run_text": "SFDX: Run Apex Tests",
  "force_apex_test_suite_run_text": "SFDX: Run Apex Test Suite",
  "force_apex_test_suite_create_text": "SFDX: Create Apex Test Suite",
  "force_apex_test_suite_build_text": "SFDX: Add Tests to Apex Test Suite",
  "apex_code_completion_stats_description": "Allow Apex Language Server to collect telemetry on code completion usage"
}
